{
	"variables": [],
	"info": {
		"name": "Iteracion_1_Postman",
		"_postman_id": "ceeb3fcd-4346-bcb8-1915-af798cae2d8f",
		"description": "",
		"schema": "https://schema.getpostman.com/json/collection/v2.0.0/collection.json"
	},
	"item": [
		{
			"name": "GET CLIENTES",
			"event": [
				{
					"listen": "test",
					"script": {
						"type": "text/javascript",
						"exec": [
							"tests[\"Status code is 200\"] = responseCode.code === 200;"
						]
					}
				}
			],
			"request": {
				"url": "http://localhost:8080/Alohandes_IT1/rest/clientes",
				"method": "GET",
				"header": [],
				"body": {},
				"description": ""
			},
			"response": []
		},
		{
			"name": "GET RESERVA CLIENTE",
			"event": [
				{
					"listen": "test",
					"script": {
						"type": "text/javascript",
						"exec": [
							"tests[\"Status code is 200\"] = responseCode.code === 200;"
						]
					}
				}
			],
			"request": {
				"url": "http://localhost:8080/Alohandes_IT1/rest/clientes/15/reservas",
				"method": "GET",
				"header": [],
				"body": {},
				"description": ""
			},
			"response": []
		},
		{
			"name": "GET RESERVA ESPECIFICA",
			"event": [
				{
					"listen": "test",
					"script": {
						"type": "text/javascript",
						"exec": [
							"tests[\"Status code is 200\"] = responseCode.code === 200;"
						]
					}
				}
			],
			"request": {
				"url": "http://localhost:8080/Alohandes_IT1/rest/clientes/15/reservas/15",
				"method": "GET",
				"header": [],
				"body": {},
				"description": ""
			},
			"response": []
		},
		{
			"name": "DELETE RESERVA",
			"event": [
				{
					"listen": "test",
					"script": {
						"type": "text/javascript",
						"exec": [
							"tests[\"Status code is 200\"] = responseCode.code === 200;"
						]
					}
				}
			],
			"request": {
				"url": "http://localhost:8080/Alohandes_IT1/rest/clientes/30/reservas/30",
				"method": "DELETE",
				"header": [],
				"body": {},
				"description": ""
			},
			"response": []
		},
		{
			"name": "RFC1: Dinero del Operador",
			"event": [
				{
					"listen": "test",
					"script": {
						"type": "text/javascript",
						"exec": [
							"tests[\"Status code is 200\"] = responseCode.code === 200;"
						]
					}
				}
			],
			"request": {
				"url": "http://localhost:8080/Alohandes_IT1/rest/operadores/2/miDinero",
				"method": "GET",
				"header": [],
				"body": {},
				"description": ""
			},
			"response": []
		},
		{
			"name": "GET OPERADORES",
			"event": [
				{
					"listen": "test",
					"script": {
						"type": "text/javascript",
						"exec": [
							"tests[\"Status code is 200\"] = responseCode.code === 200;"
						]
					}
				}
			],
			"request": {
				"url": "http://localhost:8080/Alohandes_IT1/rest/operadores",
				"method": "GET",
				"header": [],
				"body": {},
				"description": "GET"
			},
			"response": []
		},
		{
			"name": "GET OPERADOR ESPECIFICO",
			"request": {
				"url": "http://localhost:8080/Alohandes_IT1/rest/operadores/2",
				"method": "GET",
				"header": [],
				"body": {},
				"description": ""
			},
			"response": []
		},
		{
			"name": "GET HABITACIONES DEL OPERADOR SOLICITADO",
			"request": {
				"url": "http://localhost:8080/Alohandes_IT1/rest/operadores/2/habitaciones",
				"method": "GET",
				"header": [],
				"body": {},
				"description": ""
			},
			"response": []
		},
		{
			"name": "GET HABITACION ESPECIFICA DE UN OPERADOR ESPECIFICO",
			"request": {
				"url": "http://localhost:8080/Alohandes_IT1/rest/operadores/2/habitaciones/1",
				"method": "GET",
				"header": [],
				"body": {},
				"description": ""
			},
			"response": []
		},
		{
			"name": "DELETE ALOJAMIENTO ",
			"event": [
				{
					"listen": "test",
					"script": {
						"type": "text/javascript",
						"exec": [
							"tests[\"Status code is 200\"] = responseCode.code === 200;"
						]
					}
				}
			],
			"request": {
				"url": "http://localhost:8080/Alohandes_IT1/rest/operadores/24/habitaciones/2",
				"method": "DELETE",
				"header": [],
				"body": {},
				"description": ""
			},
			"response": []
		}
	]
}